,Town,State,Country
0,Abercrombie Caves,NSW,Australia
1,Aberdeen,NSW,Australia
2,Adaminaby,NSW,Australia
3,Adelaide Hills,SA,Australia
4,Adelaide River,NT,Australia
5,Adelong,NSW,Australia
6,Agnes Water,QLD,Australia
7,Aireys Inlet,VIC,Australia
8,Airlie Beach,QLD,Australia
9,Albany,WA,Australia
10,Albion Park,NSW,Australia
11,Albury,NSW,Australia
12,Aldgate,SA,Australia
13,Aldinga,SA,Australia
14,Alexandra,VIC,Australia
15,Alice Springs,NT,Australia
16,Allora,QLD,Australia
17,Alpha,QLD,Australia
18,Alstonville,NSW,Australia
19,Anakie,VIC,Australia
20,Andamooka,SA,Australia
21,Angaston,SA,Australia
22,Anglesea,VIC,Australia
23,Ansons Bay,TAS,Australia
24,Antwerp,VIC,Australia
25,Apollo Bay,VIC,Australia
26,Appin,NSW,Australia
27,Araluen,NSW,Australia
28,Aramac,QLD,Australia
29,Ararat,VIC,Australia
30,Ardlethan,NSW,Australia
31,Ardrossan,SA,Australia
32,Ariah Park,NSW,Australia
33,Arkaroola,SA,Australia
34,Arltunga,NT,Australia
35,Armadale,WA,Australia
36,Armidale,NSW,Australia
37,Arno Bay,SA,Australia
38,Arthur River,TAS,Australia
39,Ashford,NSW,Australia
40,Atherton,QLD,Australia
41,Auburn,SA,Australia
42,Augusta,WA,Australia
43,Austinmer,NSW,Australia
44,Australind,WA,Australia
45,Avenel,VIC,Australia
46,Avoca Beach,NSW,Australia
47,Avoca,TAS,Australia
48,Avoca,VIC,Australia
49,Ayr,QLD,Australia
50,Babinda,QLD,Australia
51,Bacchus Marsh,VIC,Australia
52,Badgingarra,WA,Australia
53,Bairnsdale,VIC,Australia
54,Balaklava,SA,Australia
55,Balingup,WA,Australia
56,Balladonia,WA,Australia
57,Ballarat,VIC,Australia
58,Ballina,NSW,Australia
59,Balmoral,VIC,Australia
60,Balranald,NSW,Australia
61,Bamaga,QLD,Australia
62,Bangalow,NSW,Australia
63,Barcaldine,QLD,Australia
64,Barellan,NSW,Australia
65,Bargara,QLD,Australia
66,Bargo,NSW,Australia
67,Barham,NSW,Australia
68,Barmah,VIC,Australia
69,Barmedman,NSW,Australia
70,Barmera,SA,Australia
71,Barooga,NSW,Australia
72,Barraba,NSW,Australia
73,Barrington Tops,NSW,Australia
74,Barringun,NSW,Australia
75,Barrow Creek,NT,Australia
76,Barwon Heads,VIC,Australia
77,Batchelor,NT,Australia
78,Batemans Bay,NSW,Australia
79,Bathurst,NSW,Australia
80,Batlow,NSW,Australia
81,Baxter,VIC,Australia
82,Beachport,SA,Australia
83,Beaconsfield,TAS,Australia
84,Beagle Bay,WA,Australia
85,Beaudesert,QLD,Australia
86,Beaufort,VIC,Australia
87,Bedarra Island,QLD,Australia
88,Beech Forest,VIC,Australia
89,Beechworth,VIC,Australia
90,Beenleigh,QLD,Australia
91,Bega,NSW,Australia
92,Belgrave,VIC,Australia
93,Bell,NSW,Australia
94,Bellingen,NSW,Australia
95,Bells Beach,VIC,Australia
96,Belmont,NSW,Australia
97,Beltana,SA,Australia
98,Bemboka,NSW,Australia
99,Benalla,VIC,Australia
100,Bencubbin,WA,Australia
101,Bendemeer,NSW,Australia
102,Bendigo,VIC,Australia
103,Bermagui,NSW,Australia
104,Berri,SA,Australia
105,Berridale,NSW,Australia
106,Berrigan,NSW,Australia
107,Berrima,NSW,Australia
108,Berry,NSW,Australia
109,Berwick,VIC,Australia
110,Bethany,SA,Australia
111,Beulah,VIC,Australia
112,Beveridge,VIC,Australia
113,Beverley,WA,Australia
114,Bicheno,TAS,Australia
115,Biggenden,QLD,Australia
116,Biloela,QLD,Australia
117,Bilpin,NSW,Australia
118,Binalong,NSW,Australia
119,Binda,NSW,Australia
120,Bindoon,WA,Australia
121,Bingara,NSW,Australia
122,Birchip,VIC,Australia
123,Birdsville,QLD,Australia
124,Birdwood,SA,Australia
125,Blackall,QLD,Australia
126,Blackheath,NSW,Australia
127,Blackwater,QLD,Australia
128,Blackwood,VIC,Australia
129,Blanchetown,SA,Australia
130,Blayney,NSW,Australia
131,Blinman,SA,Australia
132,Boat Harbour,TAS,Australia
133,Bodalla,NSW,Australia
134,Boddington,WA,Australia
135,Boggabri,NSW,Australia
136,Bombala,NSW,Australia
137,Bonalbo,NSW,Australia
138,Boodjamulla N.P.,QLD,Australia
139,Booleroo Centre,SA,Australia
140,Booligal,NSW,Australia
141,Boonah,QLD,Australia
142,Booroorban,NSW,Australia
143,Boorowa,NSW,Australia
144,Borden,WA,Australia
145,Border Village,SA,Australia
146,Bordertown,SA,Australia
147,Borroloola,NT,Australia
148,Bothwell,TAS,Australia
149,Boulia,QLD,Australia
150,Bourke,NSW,Australia
151,Bowen,QLD,Australia
152,Bowral,NSW,Australia
153,Bowraville,NSW,Australia
154,Box Hill,VIC,Australia
155,Boydtown,NSW,Australia
156,Boyup Brook,WA,Australia
157,Braidwood,NSW,Australia
158,Branxholm,TAS,Australia
159,Branxton,NSW,Australia
160,Breadalbane,NSW,Australia
161,Bremer Bay,WA,Australia
162,Brewarrina,NSW,Australia
163,Bribie Island,QLD,Australia
164,Bridgetown,WA,Australia
165,Bridgewater,SA,Australia
166,Bridgewater,TAS,Australia
167,Bridport,TAS,Australia
168,Bright,VIC,Australia
169,Brighton,TAS,Australia
170,Brim,VIC,Australia
171,Brindabella,NSW,Australia
172,Brisbane Forest Park,QLD,Australia
173,Broad Arrow,WA,Australia
174,Broadford,VIC,Australia
175,Broadwater,NSW,Australia
176,Broken Hill,NSW,Australia
177,Bronte Park,TAS,Australia
178,Brooklyn,NSW,Australia
179,Brookton,WA,Australia
180,Broome,WA,Australia
181,Brooweena,QLD,Australia
182,Broulee,NSW,Australia
183,Bruce Rock,WA,Australia
184,Bruce,SA,Australia
185,Brunswick Heads,NSW,Australia
186,Bruny Island,TAS,Australia
187,Bruthen,VIC,Australia
188,Buchan,VIC,Australia
189,Buckland,TAS,Australia
190,Buderim,QLD,Australia
191,Bulahdelah,NSW,Australia
192,Bulli,NSW,Australia
193,Bunbury,WA,Australia
194,Bundaberg,QLD,Australia
195,Bundanoon,NSW,Australia
196,Bundarra,NSW,Australia
197,Bundeena,NSW,Australia
198,Bungendore,NSW,Australia
199,Bungle Bungles,WA,Australia
200,Bungonia,NSW,Australia
201,Buninyong,VIC,Australia
202,Burketown,QLD,Australia
203,Burleigh Heads,QLD,Australia
204,Burnie,TAS,Australia
205,Burning Mountain,NSW,Australia
206,Burra,SA,Australia
207,Burrawang,NSW,Australia
208,Burrinjuck,NSW,Australia
209,Bushy Park,TAS,Australia
210,Busselton,WA,Australia
211,Byng,NSW,Australia
212,Byrock,NSW,Australia
213,Byron Bay,NSW,Australia
214,Caboolture,QLD,Australia
215,Cabramurra,NSW,Australia
216,Caiguna,WA,Australia
217,Cairns,QLD,Australia
218,Calliope,QLD,Australia
219,Caloundra,QLD,Australia
220,Camden,NSW,Australia
221,Camooweal,QLD,Australia
222,Campbell Town,TAS,Australia
223,Campbelltown,NSW,Australia
224,Camperdown,VIC,Australia
225,Canberra,ACT,Australia
226,Candelo,NSW,Australia
227,Cann River,VIC,Australia
228,Canowindra,NSW,Australia
229,Cape Bridgewater,VIC,Australia
230,Cape Jervis,SA,Australia
231,Cape Leveque,WA,Australia
232,Cape Otway,VIC,Australia
233,Cape Tribulation,QLD,Australia
234,Capel,WA,Australia
235,Capella,QLD,Australia
236,Capertee,NSW,Australia
237,Captains Flat,NSW,Australia
238,Carcoar,NSW,Australia
239,Cardwell,QLD,Australia
240,Carisbrook,VIC,Australia
241,Carnamah,WA,Australia
242,Carnarvon N.P.,QLD,Australia
243,Carnarvon,WA,Australia
244,Carrathool,NSW,Australia
245,Carrieton,SA,Australia
246,Casino,NSW,Australia
247,Cassilis,NSW,Australia
248,Casterton,VIC,Australia
249,Castlemaine,VIC,Australia
250,Catherine Hill Bay,NSW,Australia
251,Cattai,NSW,Australia
252,Cecil Plains,QLD,Australia
253,Ceduna,SA,Australia
254,Central Tilba,NSW,Australia
255,Cervantes,WA,Australia
256,Cessnock,NSW,Australia
257,Charleville,QLD,Australia
258,Charlton,VIC,Australia
259,Charters Towers,QLD,Australia
260,Chewton,VIC,Australia
261,Childers,QLD,Australia
262,Chillagoe,QLD,Australia
263,Chiltern,VIC,Australia
264,Chinchilla,QLD,Australia
265,Churchill,VIC,Australia
266,Clare,SA,Australia
267,Clarence Town,NSW,Australia
268,Clermont,QLD,Australia
269,Cleve,SA,Australia
270,Cleveland,QLD,Australia
271,Clifton (incl. Nobby),QLD,Australia
272,Cloncurry,QLD,Australia
273,Clunes,VIC,Australia
274,Coalcliff,NSW,Australia
275,Cobar,NSW,Australia
276,Cobargo,NSW,Australia
277,Cobden,VIC,Australia
278,Cobram,VIC,Australia
279,Cocklebiddy,WA,Australia
280,Coffin Bay,SA,Australia
281,Coffs Harbour,NSW,Australia
282,Cohuna,VIC,Australia
283,Colac,VIC,Australia
284,Coleambally,NSW,Australia
285,Colebrook,TAS,Australia
286,Coledale,NSW,Australia
287,Coleraine,VIC,Australia
288,Coles Bay,TAS,Australia
289,Collector,NSW,Australia
290,Collie,WA,Australia
291,Collinsville,QLD,Australia
292,Comboyne,NSW,Australia
293,Condamine,QLD,Australia
294,Condobolin,NSW,Australia
295,Coober Pedy,SA,Australia
296,Cooktown,QLD,Australia
297,Coolah,NSW,Australia
298,Coolamon,NSW,Australia
299,Coolangatta,QLD,Australia
300,Coolgardie,WA,Australia
301,Cooma,NSW,Australia
302,Coonabarabran,NSW,Australia
303,Coonamble,NSW,Australia
304,Coonawarra,SA,Australia
305,Cooranbong,NSW,Australia
306,Coorong,The,Australia
307,Cooroy,QLD,Australia
308,Cootamundra,NSW,Australia
309,Copley,SA,Australia
310,Coraki,NSW,Australia
311,Coral Bay,WA,Australia
312,Corinella,VIC,Australia
313,Corinna,TAS,Australia
314,Corowa,NSW,Australia
315,Corrigin,WA,Australia
316,Corryong,VIC,Australia
317,Cossack,WA,Australia
318,Cowell,SA,Australia
319,Cowes,VIC,Australia
320,Cowra,NSW,Australia
321,Cradle Mountain,TAS,Australia
322,Crafers,SA,Australia
323,Cranbourne,VIC,Australia
324,Cranbrook,WA,Australia
325,Crescent Head,NSW,Australia
326,Cressy,TAS,Australia
327,Creswick,VIC,Australia
328,Crookwell,NSW,Australia
329,Crows Nest,QLD,Australia
330,Croydon,QLD,Australia
331,Crystal Brook,SA,Australia
332,Cuballing,WA,Australia
333,Cudal,NSW,Australia
334,Cue,WA,Australia
335,Culburra Beach,NSW,Australia
336,Culcairn,NSW,Australia
337,Cullen Bullen,NSW,Australia
338,Cummins,SA,Australia
339,Cunderdin,WA,Australia
340,Cunnamulla,QLD,Australia
341,Cygnet,TAS,Australia
342,Daintree,QLD,Australia
343,Dalby,QLD,Australia
344,Dalgety,NSW,Australia
345,Dalwallinu,WA,Australia
346,Daly River,NT,Australia
347,Daly Waters,NT,Australia
348,Dampier,WA,Australia
349,Dandenong Ranges,VIC,Australia
350,Dandenong,VIC,Australia
351,Darkan,WA,Australia
352,Darlington Point,NSW,Australia
353,Darlington,WA,Australia
354,Dartmoor,VIC,Australia
355,Darwin,NT,Australia
356,Daydream Island,QLD,Australia
357,Daylesford,VIC,Australia
358,Deddington,TAS,Australia
359,Deloraine,TAS,Australia
360,Denham,WA,Australia
361,Deniliquin,NSW,Australia
362,Denman,NSW,Australia
363,Denmark,WA,Australia
364,Derby,TAS,Australia
365,Derby,WA,Australia
366,Derwent Bridge,TAS,Australia
367,Devonport,TAS,Australia
368,Dimboola,VIC,Australia
369,Dirk Hartog Island,WA,Australia
370,Donald,VIC,Australia
371,Dongara,WA,Australia
372,Donnybrook,WA,Australia
373,Doomadgee,QLD,Australia
374,Dorrigo,NSW,Australia
375,Double Island,QLD,Australia
376,Dover,TAS,Australia
377,Dowerin,WA,Australia
378,Dromana,VIC,Australia
379,Drysdale,VIC,Australia
380,Duaringa,QLD,Australia
381,Dubbo,NSW,Australia
382,Dumbleyung,WA,Australia
383,Dunalley,TAS,Australia
384,Dunedoo,NSW,Australia
385,Dungog,NSW,Australia
386,Dunk Island,QLD,Australia
387,Dunkeld,VIC,Australia
388,Dunolly,VIC,Australia
389,Dunsborough,WA,Australia
390,Durras,NSW,Australia
391,Dwellingup,WA,Australia
392,Eaglehawk Neck,TAS,Australia
393,Eaglehawk,VIC,Australia
394,Ebenezer,NSW,Australia
395,Echuca,VIC,Australia
396,Echunga,SA,Australia
397,Eden,NSW,Australia
398,Edenhope,VIC,Australia
399,Edithburgh,SA,Australia
400,Eidsvold,QLD,Australia
401,Eildon,VIC,Australia
402,Eldorado,VIC,Australia
403,Elliston,SA,Australia
404,Eltham,VIC,Australia
405,Emerald,QLD,Australia
406,Emerald,VIC,Australia
407,Emmaville,NSW,Australia
408,Emu Park,QLD,Australia
409,Emu Plains,NSW,Australia
410,Eneabba,WA,Australia
411,Enngonia,NSW,Australia
412,Erldunda,NT,Australia
413,Esk,QLD,Australia
414,Esperance,WA,Australia
415,Eucla,WA,Australia
416,Eudunda,SA,Australia
417,Eugowra,NSW,Australia
418,Eulo,QLD,Australia
419,Euroa,VIC,Australia
420,Euston,NSW,Australia
421,Evandale,TAS,Australia
422,Evans Head,NSW,Australia
423,Exmouth,WA,Australia
424,Falls Creek,VIC,Australia
425,Falmouth,TAS,Australia
426,Faraway Bay,WA,Australia
427,Faulconbridge,NSW,Australia
428,Ferntree Gully,VIC,Australia
429,Fingal Head,NSW,Australia
430,Fingal,TAS,Australia
431,Finley,NSW,Australia
432,Fitzroy Crossing,WA,Australia
433,Fitzroy Falls,NSW,Australia
434,Fitzroy Island,QLD,Australia
435,Flinders Island,TAS,Australia
436,Flinders,VIC,Australia
437,Forbes,NSW,Australia
438,Forster-Tuncurry,NSW,Australia
439,Foster,VIC,Australia
440,Fowlers Bay,SA,Australia
441,Franklin,TAS,Australia
442,Frankston,VIC,Australia
443,Fraser Island,QLD,Australia
444,Fremantle,WA,Australia
445,French Island,VIC,Australia
446,Ganmain,NSW,Australia
447,Gatton,QLD,Australia
448,Gawler,SA,Australia
449,Gayndah,QLD,Australia
450,Geelong,VIC,Australia
451,Geeveston,TAS,Australia
452,Genoa,VIC,Australia
453,George Town,TAS,Australia
454,Georgetown,QLD,Australia
455,Geraldton,WA,Australia
456,Gerringong,NSW,Australia
457,Gerroa,NSW,Australia
458,Gilgandra,NSW,Australia
459,Gin Gin,QLD,Australia
460,Gingin,WA,Australia
461,Girilambone,NSW,Australia
462,Gisborne,VIC,Australia
463,Gladstone,QLD,Australia
464,Gladstone,SA,Australia
465,Gladstone,TAS,Australia
466,Glass House Mountains,QLD,Australia
467,Glen Helen,NT,Australia
468,Glen Innes,NSW,Australia
469,Glenbrook,NSW,Australia
470,Glenelg,SA,Australia
471,Glenrowan,VIC,Australia
472,Gloucester,NSW,Australia
473,Gnowangerup,WA,Australia
474,Gooloogong,NSW,Australia
475,Goolwa,SA,Australia
476,Goondiwindi,QLD,Australia
477,Gordonvale,QLD,Australia
478,Goroke,VIC,Australia
479,Gosford,NSW,Australia
480,Goulburn,NSW,Australia
481,Goulds Country,TAS,Australia
482,Grafton,NSW,Australia
483,Grandchester,QLD,Australia
484,Grantville,VIC,Australia
485,Graytown,VIC,Australia
486,Great Western,VIC,Australia
487,Green Island,QLD,Australia
488,Greenbushes,WA,Australia
489,Greenmount,QLD,Australia
490,Greenock,SA,Australia
491,Greenough,WA,Australia
492,Gregory,WA,Australia
493,Grenfell,NSW,Australia
494,Gresford,NSW,Australia
495,Greta,NSW,Australia
496,Griffith,NSW,Australia
497,Guildford,VIC,Australia
498,Guildford,WA,Australia
499,Gulargambone,NSW,Australia
500,Gulgong,NSW,Australia
501,Gumeracha,SA,Australia
502,Gundagai,NSW,Australia
503,Gundy,NSW,Australia
504,Gunnedah,NSW,Australia
505,Gunning,NSW,Australia
506,Guyra,NSW,Australia
507,Gwalia,WA,Australia
508,Gympie,QLD,Australia
509,Hadspen,TAS,Australia
510,Hahndorf,SA,Australia
511,Halls Creek,WA,Australia
512,Halls Gap,VIC,Australia
513,Hamilton Island,QLD,Australia
514,Hamilton,TAS,Australia
515,Hamilton,VIC,Australia
516,Harcourt,VIC,Australia
517,Harden,NSW,Australia
518,Harrietville,VIC,Australia
519,Harrington,NSW,Australia
520,Harrow,VIC,Australia
521,Hartley,NSW,Australia
522,Harvey,WA,Australia
523,Hastings,TAS,Australia
524,Hastings,VIC,Australia
525,Hat Head,NSW,Australia
526,Hawker,SA,Australia
527,Hawks Nest,NSW,Australia
528,Hay,NSW,Australia
529,Hazelbrook,NSW,Australia
530,Healesville,VIC,Australia
531,Heathcote,VIC,Australia
532,Heidelberg,VIC,Australia
533,Henty,NSW,Australia
534,Hepburn Springs,VIC,Australia
535,Herberton,QLD,Australia
536,Hermannsburg,NT,Australia
537,Heron Island,QLD,Australia
538,Hervey Bay,QLD,Australia
539,Heyfield,VIC,Australia
540,Heywood,VIC,Australia
541,Hill End,NSW,Australia
542,Hillgrove,NSW,Australia
543,Hillston,NSW,Australia
544,Hinchinbrook Island,QLD,Australia
545,Hinton,NSW,Australia
546,Hobart,TAS,Australia
547,Holbrook,NSW,Australia
548,Hopetoun,VIC,Australia
549,Hopetoun,WA,Australia
550,Horizontal Falls,WA,Australia
551,Horrocks,WA,Australia
552,Horsham,VIC,Australia
553,Houtman Abrolhos,WA,Australia
554,Howard,QLD,Australia
555,Howlong,NSW,Australia
556,Hughenden,QLD,Australia
557,Humpty Doo,NT,Australia
558,Hungerford,QLD,Australia
559,Huskisson,NSW,Australia
560,Hyden,WA,Australia
561,Ilfracombe,QLD,Australia
562,Iluka,NSW,Australia
563,Ingham,QLD,Australia
564,Inglewood,VIC,Australia
565,Injune,QLD,Australia
566,Innamincka,SA,Australia
567,Innisfail,QLD,Australia
568,Inverell,NSW,Australia
569,Inverloch,VIC,Australia
570,Ipswich,QLD,Australia
571,Iron Knob,SA,Australia
572,Irvinebank,QLD,Australia
573,Isisford,QLD,Australia
574,Jamberoo,NSW,Australia
575,Jamestown,SA,Australia
576,Jamieson,VIC,Australia
577,Jandowae,QLD,Australia
578,Jenolan Caves,NSW,Australia
579,Jeparit,VIC,Australia
580,Jericho,QLD,Australia
581,Jerilderie,NSW,Australia
582,Jerramungup,WA,Australia
583,Jerrys Plains,NSW,Australia
584,Jervis Bay,NSW,Australia
585,Jimbour,QLD,Australia
586,Jindabyne,NSW,Australia
587,Jindera,NSW,Australia
588,Joadja,NSW,Australia
589,Jondaryan,QLD,Australia
590,Jugiong,NSW,Australia
591,Julia Creek,QLD,Australia
592,Junee,NSW,Australia
593,Jurien Bay,WA,Australia
594,Kadina,SA,Australia
595,Kakadu National Park,NT,Australia
596,Kalamunda,WA,Australia
597,Kalbarri,WA,Australia
598,Kalgoorlie,WA,Australia
599,Kallista,VIC,Australia
600,Kalorama,VIC,Australia
601,Kambalda,WA,Australia
602,Kameruka,NSW,Australia
603,Kandos,NSW,Australia
604,Kangaroo Island,SA,Australia
605,Kangaroo Valley,NSW,Australia
606,Kaniva,VIC,Australia
607,Kanowna,WA,Australia
608,Kapunda,SA,Australia
609,Karoonda,SA,Australia
610,Karratha,WA,Australia
611,Karuah,NSW,Australia
612,Karumba,QLD,Australia
613,Katanning,WA,Australia
614,Katherine,NT,Australia
615,Katoomba,NSW,Australia
616,Keilor,VIC,Australia
617,Keith,SA,Australia
618,Kellerberrin,WA,Australia
619,Kempsey,NSW,Australia
620,Kempton,TAS,Australia
621,Kendall,NSW,Australia
622,Kenilworth,QLD,Australia
623,Kerang,VIC,Australia
624,Kettering,TAS,Australia
625,Khancoban,NSW,Australia
626,Kiama,NSW,Australia
627,Kiandra,NSW,Australia
628,Kilcoy,QLD,Australia
629,Kilkivan,QLD,Australia
630,Killarney,QLD,Australia
631,Kilmore,VIC,Australia
632,Kimba,SA,Australia
633,Kincumber,NSW,Australia
634,King Island,TAS,Australia
635,Kingaroy,QLD,Australia
636,Kinglake,VIC,Australia
637,Kings Canyon,NT,Australia
638,Kingscliff,NSW,Australia
639,Kingston on Murray,SA,Australia
640,Kingston S.E.,SA,Australia
641,Kingston,TAS,Australia
642,Kojonup,WA,Australia
643,Kondinin,WA,Australia
644,Koo Wee Rup,VIC,Australia
645,Koondrook,VIC,Australia
646,Koonya,TAS,Australia
647,Koorawatha,NSW,Australia
648,Koorda,WA,Australia
649,Koroit,VIC,Australia
650,Korumburra,VIC,Australia
651,Kulin,WA,Australia
652,Kununurra,WA,Australia
653,Kuranda,QLD,Australia
654,Kurnell,NSW,Australia
655,Kurrajong,NSW,Australia
656,Kurri Kurri,NSW,Australia
657,Kwinana Beach,WA,Australia
658,Kyabram,VIC,Australia
659,Kyneton,VIC,Australia
660,Kyogle,NSW,Australia
661,Lady Elliot Island,QLD,Australia
662,Laidley,QLD,Australia
663,Lake Argyle,WA,Australia
664,Lake Bolac,VIC,Australia
665,Lake Cargelligo,NSW,Australia
666,Lake Condah,VIC,Australia
667,Lake Grace,WA,Australia
668,Lake Macquarie,NSW,Australia
669,Lake Mungo,NSW,Australia
670,Lake St. Clair,TAS,Australia
671,Lake Tyers,VIC,Australia
672,Lakes Entrance,VIC,Australia
673,Lancefield,VIC,Australia
674,Lancelin,WA,Australia
675,Landsborough,QLD,Australia
676,Larrimah,NT,Australia
677,Lascelles,VIC,Australia
678,Latrobe,TAS,Australia
679,Launceston,TAS,Australia
680,Laura,QLD,Australia
681,Laura,SA,Australia
682,Laurieton,NSW,Australia
683,Lavers Hill,VIC,Australia
684,Laverton,WA,Australia
685,Lawn Hill N.P.,QLD,Australia
686,Lawson,NSW,Australia
687,Leeman,WA,Australia
688,Leeton,NSW,Australia
689,Leigh Creek,SA,Australia
690,Lennox Head,NSW,Australia
691,Leongatha,VIC,Australia
692,Leonora,WA,Australia
693,Leura,NSW,Australia
694,Licola,VIC,Australia
695,Lightning Ridge,NSW,Australia
696,Lilydale,TAS,Australia
697,Lilydale,VIC,Australia
698,Lismore,NSW,Australia
699,Lismore,VIC,Australia
700,Lithgow,NSW,Australia
701,Lizard Island,QLD,Australia
702,Lobethal,SA,Australia
703,Lockhart,NSW,Australia
704,Longford,TAS,Australia
705,Longreach,QLD,Australia
706,Lord Howe Island,NSW,Australia
707,Lorne,VIC,Australia
708,Louth,NSW,Australia
709,Loxton,SA,Australia
710,Lucknow,NSW,Australia
711,Lyndhurst,SA,Australia
712,Lyndoch,SA,Australia
713,Macarthur,VIC,Australia
714,Mackay,QLD,Australia
715,Macksville,NSW,Australia
716,Maclean,NSW,Australia
717,Madura,WA,Australia
718,Maffra,VIC,Australia
719,Magnetic Island,QLD,Australia
720,Maitland,NSW,Australia
721,Maitland,SA,Australia
722,Majors Creek,NSW,Australia
723,Malanda,QLD,Australia
724,Maldon,VIC,Australia
725,Maleny,QLD,Australia
726,Mallacoota,VIC,Australia
727,Mallala,SA,Australia
728,Malmsbury,VIC,Australia
729,Mandurah,WA,Australia
730,Manildra,NSW,Australia
731,Manilla,NSW,Australia
732,Manjimup,WA,Australia
733,Mannum,SA,Australia
734,Mansfield,VIC,Australia
735,Marble Bar,WA,Australia
736,Mareeba,QLD,Australia
737,Margaret River,WA,Australia
738,Maria Island,TAS,Australia
739,Marion Bay,SA,Australia
740,Marlborough,QLD,Australia
741,Marlo,VIC,Australia
742,Maroochydore,QLD,Australia
743,Marrawah,TAS,Australia
744,Marree,SA,Australia
745,Marulan,NSW,Australia
746,Maryborough,QLD,Australia
747,Maryborough,VIC,Australia
748,Marysville,VIC,Australia
749,Mataranka,NT,Australia
750,Mathoura,NSW,Australia
751,McKinlay,QLD,Australia
752,McLaren Vale,SA,Australia
753,Medlow Bath,NSW,Australia
754,Meekatharra,WA,Australia
755,Megalong Valley,NSW,Australia
756,Melrose,SA,Australia
757,Melton,VIC,Australia
758,Melville Caves,VIC,Australia
759,Mendooran,NSW,Australia
760,Menindee,NSW,Australia
761,Meningie,SA,Australia
762,Menzies,WA,Australia
763,Merimbula,NSW,Australia
764,Merino,VIC,Australia
765,Merredin,WA,Australia
766,Merriwa,NSW,Australia
767,Merriwagga,NSW,Australia
768,Metung,VIC,Australia
769,Milang,SA,Australia
770,Milawa,VIC,Australia
771,Mildura,VIC,Australia
772,Miles,QLD,Australia
773,Millaa Millaa,QLD,Australia
774,Millicent,SA,Australia
775,Millmerran,QLD,Australia
776,Millthorpe,NSW,Australia
777,Milparinka,NSW,Australia
778,Milton,NSW,Australia
779,Mingenew,WA,Australia
780,Minlaton,SA,Australia
781,Minnipa,SA,Australia
782,Mintaro,SA,Australia
783,Minyip,VIC,Australia
784,Mirani,QLD,Australia
785,Mirboo North,VIC,Australia
786,Mission Beach,QLD,Australia
787,Mitta Mitta,VIC,Australia
788,Mittagong,NSW,Australia
789,Moama,NSW,Australia
790,Moe,VIC,Australia
791,Mogo,NSW,Australia
792,Mole Creek,TAS,Australia
793,Moliagul,VIC,Australia
794,Mollymook,NSW,Australia
795,Molong,NSW,Australia
796,Monbulk,VIC,Australia
797,Monkey Mia,WA,Australia
798,Monto,QLD,Australia
799,Moonta,SA,Australia
800,Moora,WA,Australia
801,Mooroopna,VIC,Australia
802,Moranbah,QLD,Australia
803,Morawa,WA,Australia
804,Moree,NSW,Australia
805,Moreton Island,QLD,Australia
806,Morgan,SA,Australia
807,Morisset,NSW,Australia
808,Mornington,VIC,Australia
809,Morpeth,NSW,Australia
810,Mortlake,VIC,Australia
811,Moruya,NSW,Australia
812,Morwell,VIC,Australia
813,Moss Vale,NSW,Australia
814,Mossman,QLD,Australia
815,Moulamein,NSW,Australia
816,Mount Augustus,WA,Australia
817,Mount Barker,SA,Australia
818,Mount Barker,WA,Australia
819,Mount Baw Baw,VIC,Australia
820,Mount Beauty,VIC,Australia
821,Mount Buffalo,VIC,Australia
822,Mount Buller,VIC,Australia
823,Mount Gambier,SA,Australia
824,Mount Garnet,QLD,Australia
825,Mount Hotham,VIC,Australia
826,Mount Isa,QLD,Australia
827,Mount Kosciuszko,NSW,Australia
828,Mount Macedon,VIC,Australia
829,Mount Magnet,WA,Australia
830,Mount Molloy,QLD,Australia
831,Mount Morgan,QLD,Australia
832,Mount Perry,QLD,Australia
833,Mount Pleasant,SA,Australia
834,Mount Surprise,QLD,Australia
835,Mount Victoria,NSW,Australia
836,Mount Wilson,NSW,Australia
837,Moura,QLD,Australia
838,Mourilyan,QLD,Australia
839,Mudgee,NSW,Australia
840,Mullewa,WA,Australia
841,Mullumbimby,NSW,Australia
842,Mundaring,WA,Australia
843,Mundrabilla,WA,Australia
844,Mundubbera,QLD,Australia
845,Mungindi,NSW,Australia
846,Murchison,VIC,Australia
847,Murgon,QLD,Australia
848,Murray Bridge,SA,Australia
849,Murrayville,VIC,Australia
850,Murringo,NSW,Australia
851,Murrumbateman,NSW,Australia
852,Murrumburrah,NSW,Australia
853,Murrurundi,NSW,Australia
854,Murtoa,VIC,Australia
855,Murwillumbah,NSW,Australia
856,Muswellbrook,NSW,Australia
857,Muttaburra,QLD,Australia
858,Myall Lakes,NSW,Australia
859,Mylor,SA,Australia
860,Myrtleford,VIC,Australia
861,Nabiac,NSW,Australia
862,Nagambie,VIC,Australia
863,Nambour,QLD,Australia
864,Nambucca Heads,NSW,Australia
865,Nanango,QLD,Australia
866,Nannup,WA,Australia
867,Naracoorte,SA,Australia
868,Narembeen,WA,Australia
869,Narooma,NSW,Australia
870,Narrabri,NSW,Australia
871,Narrandera,NSW,Australia
872,Narrogin,WA,Australia
873,Narromine,NSW,Australia
874,Nathalia,VIC,Australia
875,Natimuk,VIC,Australia
876,National Park,TAS,Australia
877,Nelligen,NSW,Australia
878,Nelson Bay,NSW,Australia
879,Nelson,VIC,Australia
880,Nerang,QLD,Australia
881,New Norcia,WA,Australia
882,New Norfolk,TAS,Australia
883,Newcastle Waters,NT,Australia
884,Newcastle,NSW,Australia
885,Newhaven,VIC,Australia
886,Newman,WA,Australia
887,Newnes,NSW,Australia
888,Nhill,VIC,Australia
889,Nimbin,NSW,Australia
890,Nimmitabel,NSW,Australia
891,Noojee,VIC,Australia
892,Noosa Heads,QLD,Australia
893,Norah Head,NSW,Australia
894,Normanton,QLD,Australia
895,Norseman,WA,Australia
896,Northam,WA,Australia
897,Northampton,WA,Australia
898,Northcliffe,WA,Australia
899,Nowra,NSW,Australia
900,Nullagine,WA,Australia
901,Nullarbor,SA,Australia
902,Numurkah,VIC,Australia
903,Nundle,NSW,Australia
904,Nungarin,WA,Australia
905,Nuriootpa,SA,Australia
906,Nyngan,NSW,Australia
907,Oakey,QLD,Australia
908,Oatlands,TAS,Australia
909,Oberon,NSW,Australia
910,Ocean Grove,VIC,Australia
911,Olinda,VIC,Australia
912,Omeo,VIC,Australia
913,Ongerup,WA,Australia
914,Onslow,WA,Australia
915,Oodnadatta,SA,Australia
916,Ophir,NSW,Australia
917,Ora Banda,WA,Australia
918,Orange,NSW,Australia
919,Orbost,VIC,Australia
920,Orford,TAS,Australia
921,Orpheus Island,QLD,Australia
922,Orroroo,SA,Australia
923,Ouyen,VIC,Australia
924,Pacific Palms,NSW,Australia
925,Padthaway,SA,Australia
926,Palm Beach,NSW,Australia
927,Palmer River,QLD,Australia
928,Pambula,NSW,Australia
929,Pannawonica,WA,Australia
930,Paraburdoo,WA,Australia
931,Parachilna,SA,Australia
932,Paringa,SA,Australia
933,Parkes,NSW,Australia
934,Patchewollock,VIC,Australia
935,Paterson,NSW,Australia
936,Patonga,NSW,Australia
937,Paynesville,VIC,Australia
938,Peak Hill,NSW,Australia
939,Pearl Beach,NSW,Australia
940,Pemberton,WA,Australia
941,Penguin,TAS,Australia
942,Penola,SA,Australia
943,Penong,SA,Australia
944,Penrith,NSW,Australia
945,Penshurst,VIC,Australia
946,Penwortham,SA,Australia
947,Perenjori,WA,Australia
948,Perisher Valley,NSW,Australia
949,Perth,TAS,Australia
950,Peterborough,SA,Australia
951,Peterborough,VIC,Australia
952,Phillip Island,VIC,Australia
953,Picton,NSW,Australia
954,Pine Creek,NT,Australia
955,Pingelly,WA,Australia
956,Pinjarra,WA,Australia
957,Pitt Town,NSW,Australia
958,Poatina,TAS,Australia
959,Point Lonsdale,VIC,Australia
960,Pokolbin,NSW,Australia
961,Pontville,TAS,Australia
962,Pooncarie,NSW,Australia
963,Port Albert,VIC,Australia
964,Port Arthur,TAS,Australia
965,Port Augusta,SA,Australia
966,Port Broughton,SA,Australia
967,Port Campbell,VIC,Australia
968,Port Douglas,QLD,Australia
969,Port Elliot,SA,Australia
970,Port Essington,NT,Australia
971,Port Fairy,VIC,Australia
972,Port Germein,SA,Australia
973,Port Gregory,WA,Australia
974,Port Hedland,WA,Australia
975,Port Lincoln,SA,Australia
976,Port MacDonnell,SA,Australia
977,Port Macquarie,NSW,Australia
978,Port Neill,SA,Australia
979,Port Noarlunga,SA,Australia
980,Port Pirie,SA,Australia
981,Port Stephens,NSW,Australia
982,Port Victoria,SA,Australia
983,Port Vincent,SA,Australia
984,Port Wakefield,SA,Australia
985,Port Welshpool,VIC,Australia
986,Portarlington,VIC,Australia
987,Portland,NSW,Australia
988,Portland,VIC,Australia
989,Portsea,VIC,Australia
990,Powelltown,VIC,Australia
991,Prevelly,WA,Australia
992,Princess Margaret Rose Cave,VIC,Australia
993,Proserpine,QLD,Australia
994,Proston,QLD,Australia
995,Puckapunyal,VIC,Australia
996,Pyramid Hill,VIC,Australia
997,Quairading,WA,Australia
998,Queanbeyan,NSW,Australia
999,Queenscliff,VIC,Australia
1000,Queenstown,TAS,Australia
1001,Quilpie,QLD,Australia
1002,Quirindi,NSW,Australia
1003,Quorn,SA,Australia
1004,Railton,TAS,Australia
1005,Rainbow Beach,QLD,Australia
1006,Rainbow,VIC,Australia
1007,Ravenshoe,QLD,Australia
1008,Ravensthorpe,WA,Australia
1009,Ravenswood,QLD,Australia
1010,Raymond Terrace,NSW,Australia
1011,Red Cliffs,VIC,Australia
1012,Redcliffe,QLD,Australia
1013,Renmark,SA,Australia
1014,Renner Springs,NT,Australia
1015,Richmond,NSW,Australia
1016,Richmond,QLD,Australia
1017,Richmond,TAS,Australia
1018,Riverton,SA,Australia
1019,Robe,SA,Australia
1020,Robertson,NSW,Australia
1021,Robinvale,VIC,Australia
1022,Rockhampton,QLD,Australia
1023,Rockingham,WA,Australia
1024,Rockley,NSW,Australia
1025,Roebourne,WA,Australia
1026,Rokeby,TAS,Australia
1027,Rolleston,QLD,Australia
1028,Roma,QLD,Australia
1029,Romsey,VIC,Australia
1030,Rosebery,TAS,Australia
1031,Rosebery,VIC,Australia
1032,Rosebud,VIC,Australia
1033,Rosevears,TAS,Australia
1034,Rosewood,QLD,Australia
1035,Roseworthy,SA,Australia
1036,Ross River,NT,Australia
1037,Ross,TAS,Australia
1038,Rottnest Island,WA,Australia
1039,Roxby Downs,SA,Australia
1040,Royal National Park,NSW,Australia
1041,Rubyvale,QLD,Australia
1042,Rupanyup,VIC,Australia
1043,Rushworth,VIC,Australia
1044,Rutherglen,VIC,Australia
1045,Rylstone,NSW,Australia
1046,Sale,VIC,Australia
1047,Saltwater River,TAS,Australia
1048,San Remo,VIC,Australia
1049,Sandstone,WA,Australia
1050,Sarina,QLD,Australia
1051,Savage River,TAS,Australia
1052,Sawtell,NSW,Australia
1053,Scone,NSW,Australia
1054,Scotts Head,NSW,Australia
1055,Scottsdale,TAS,Australia
1056,Sea Lake,VIC,Australia
1057,Seal Rocks,NSW,Australia
1058,Seaspray,VIC,Australia
1059,Seppeltsfield,SA,Australia
1060,Serviceton,VIC,Australia
1061,Sevenhill,SA,Australia
1062,Seventeen Seventy,QLD,Australia
1063,Seymour,VIC,Australia
1064,Shark Bay,WA,Australia
1065,Sheep Hills,VIC,Australia
1066,Sheffield,TAS,Australia
1067,Shellharbour,NSW,Australia
1068,Shepparton,VIC,Australia
1069,Sherbrooke,VIC,Australia
1070,Shoalhaven Heads,NSW,Australia
1071,Shoreham,VIC,Australia
1072,Shute Harbour,QLD,Australia
1073,Sidmouth,TAS,Australia
1074,Silo Art Trail,VIC,Australia
1075,Silverton,NSW,Australia
1076,Singleton,NSW,Australia
1077,Skipton,VIC,Australia
1078,Smeaton,VIC,Australia
1079,Smythesdale,VIC,Australia
1080,Snowtown,SA,Australia
1081,Sofala,NSW,Australia
1082,Somers,VIC,Australia
1083,Sorell,TAS,Australia
1084,Sorrento,VIC,Australia
1085,South West Rocks,NSW,Australia
1086,Southern Cross,WA,Australia
1087,Southport,QLD,Australia
1088,Southport,TAS,Australia
1089,Springsure,QLD,Australia
1090,Springton,SA,Australia
1091,Springwood,NSW,Australia
1092,St Albans,NSW,Australia
1093,St Arnaud,VIC,Australia
1094,St George,QLD,Australia
1095,St Georges Basin,NSW,Australia
1096,St Helens,TAS,Australia
1097,St Marys,TAS,Australia
1098,Stanley,TAS,Australia
1099,Stansbury,SA,Australia
1100,Stanthorpe,QLD,Australia
1101,Stanwell Park,NSW,Australia
1102,Stawell,VIC,Australia
1103,Steiglitz,VIC,Australia
1104,Stockton,NSW,Australia
1105,Stradbroke Island,QLD,Australia
1106,Strahan,TAS,Australia
1107,Stratford,VIC,Australia
1108,Strathalbyn,SA,Australia
1109,Strathmerton,VIC,Australia
1110,Streaky Bay,SA,Australia
1111,Stroud,NSW,Australia
1112,Stuart Town,NSW,Australia
1113,Surat,QLD,Australia
1114,Surfers Paradise,QLD,Australia
1115,Sussex Inlet,NSW,Australia
1116,Sutton Forest,NSW,Australia
1117,Swan Hill,VIC,Australia
1118,Swan Reach,SA,Australia
1119,Swansea,NSW,Australia
1120,Swansea,TAS,Australia
1121,Tailem Bend,SA,Australia
1122,Talbingo,NSW,Australia
1123,Talbot,VIC,Australia
1124,Tallangatta,VIC,Australia
1125,Tambo,QLD,Australia
1126,Tamborine Mountain,QLD,Australia
1127,Tammin,WA,Australia
1128,Tamworth,NSW,Australia
1129,Tanami,NT,Australia
1130,Tanunda,SA,Australia
1131,Taralga,NSW,Australia
1132,Taranna,TAS,Australia
1133,Tarcutta,NSW,Australia
1134,Taree,NSW,Australia
1135,Tarlee,SA,Australia
1136,Tarnagulla,VIC,Australia
1137,Taroom,QLD,Australia
1138,Tarraleah,TAS,Australia
1139,Tathra,NSW,Australia
1140,Tatura,VIC,Australia
1141,Taylors Arm,NSW,Australia
1142,Tea Gardens,NSW,Australia
1143,Temora,NSW,Australia
1144,Tennant Creek,NT,Australia
1145,Tenterfield,NSW,Australia
1146,Terang,VIC,Australia
1147,Terowie,SA,Australia
1148,Terrigal,NSW,Australia
1149,Texas,QLD,Australia
1150,Thargomindah,QLD,Australia
1151,The Entrance,NSW,Australia
1152,The Oaks,NSW,Australia
1153,The Rock,NSW,Australia
1154,Theodore,QLD,Australia
1155,Thirlmere,NSW,Australia
1156,Thirroul,NSW,Australia
1157,Thredbo Village,NSW,Australia
1158,Three Springs,WA,Australia
1159,Thursday Island,QLD,Australia
1160,Ti Tree,NT,Australia
1161,Tibooburra,NSW,Australia
1162,Timber Creek,NT,Australia
1163,Timboon,VIC,Australia
1164,Tin Can Bay,QLD,Australia
1165,Tinaroo,QLD,Australia
1166,Tintaldra,VIC,Australia
1167,Tintinara,SA,Australia
1168,Tocumwal,NSW,Australia
1169,Tom Price,WA,Australia
1170,Toodyay,WA,Australia
1171,Toora,VIC,Australia
1172,Tooradin,VIC,Australia
1173,Toowoomba,QLD,Australia
1174,Toronto,NSW,Australia
1175,Torquay,VIC,Australia
1176,Toukley,NSW,Australia
1177,Townsville,QLD,Australia
1178,Trangie,NSW,Australia
1179,Traralgon,VIC,Australia
1180,Trentham,VIC,Australia
1181,Truro,SA,Australia
1182,Tuena,NSW,Australia
1183,Tully,QLD,Australia
1184,Tumbarumba,NSW,Australia
1185,Tumby Bay,SA,Australia
1186,Tumut,NSW,Australia
1187,Tunbridge,TAS,Australia
1188,Tuross Head,NSW,Australia
1189,Tweed Heads,NSW,Australia
1190,Ulladulla,NSW,Australia
1191,Ulmarra,NSW,Australia
1192,Uluru (Ayers Rock) & Kata Tjuta (The Olgas),NT,Australia
1193,Ulverstone,TAS,Australia
1194,Undara Lava Tubes,QLD,Australia
1195,Ungarie,NSW,Australia
1196,Uralla,NSW,Australia
1197,Urana,NSW,Australia
1198,Urbenville,NSW,Australia
1199,Urunga,NSW,Australia
1200,Venus Bay,SA,Australia
1201,Victor Harbor,SA,Australia
1202,Victoria River,NT,Australia
1203,Violet Town,VIC,Australia
1204,Wagga Wagga,NSW,Australia
1205,Wagin,WA,Australia
1206,Wahgunyah,VIC,Australia
1207,Waikerie,SA,Australia
1208,Walcha,NSW,Australia
1209,Walgett,NSW,Australia
1210,Walhalla,VIC,Australia
1211,Walla Walla,NSW,Australia
1212,Wallabadah,NSW,Australia
1213,Wallangarra,QLD,Australia
1214,Wallaroo,SA,Australia
1215,Wallerawang,NSW,Australia
1216,Walpole,WA,Australia
1217,Wangaratta,VIC,Australia
1218,Wangi Wangi,NSW,Australia
1219,Wanneroo,WA,Australia
1220,Waratah,TAS,Australia
1221,Warburton,VIC,Australia
1222,Warialda,NSW,Australia
1223,Warmun,WA,Australia
1224,Warooka,SA,Australia
1225,Waroona,WA,Australia
1226,Warracknabeal,VIC,Australia
1227,Warragul,VIC,Australia
1228,Warrandyte,VIC,Australia
1229,Warren,NSW,Australia
1230,Warrnambool,VIC,Australia
1231,Warwick,QLD,Australia
1232,Watervale,SA,Australia
1233,Wauchope,NSW,Australia
1234,Wauchope,NT,Australia
1235,Wedderburn,VIC,Australia
1236,Wee Jasper,NSW,Australia
1237,Wee Waa,NSW,Australia
1238,Weipa,QLD,Australia
1239,Weldborough,TAS,Australia
1240,Wellington,NSW,Australia
1241,Wellington,SA,Australia
1242,Wentworth Falls,NSW,Australia
1243,Wentworth,NSW,Australia
1244,Werribee,VIC,Australia
1245,Werris Creek,NSW,Australia
1246,West Wyalong,NSW,Australia
1247,Westbury,TAS,Australia
1248,Westonia,WA,Australia
1249,Whim Creek,WA,Australia
1250,White Cliffs,NSW,Australia
1251,Whitfield,VIC,Australia
1252,Whitsundays,QLD,Australia
1253,Whyalla,SA,Australia
1254,Wickepin,WA,Australia
1255,Wickham,WA,Australia
1256,Wilberforce,NSW,Australia
1257,Wilcannia,NSW,Australia
1258,Williams,WA,Australia
1259,Williamstown,SA,Australia
1260,Williamstown,VIC,Australia
1261,Willunga,SA,Australia
1262,Wilmington,SA,Australia
1263,Wilmot,TAS,Australia
1264,Wilpena Pound,SA,Australia
1265,Wilsons Promontory,VIC,Australia
1266,Wiluna,WA,Australia
1267,Winchelsea,VIC,Australia
1268,Windermere,TAS,Australia
1269,Windeyer,NSW,Australia
1270,Windsor,NSW,Australia
1271,Wingham,NSW,Australia
1272,Winton,QLD,Australia
1273,Wiseman Ferry,NSW,Australia
1274,Wittenoom,WA,Australia
1275,Wollombi,NSW,Australia
1276,Wollongong,NSW,Australia
1277,Wombarra,NSW,Australia
1278,Wombeyan Caves,NSW,Australia
1279,Wondai,QLD,Australia
1280,Wongan Hills,WA,Australia
1281,Wonthaggi,VIC,Australia
1282,Woodbridge,TAS,Australia
1283,Woodburn,NSW,Australia
1284,Woodenbong,NSW,Australia
1285,Woodend,VIC,Australia
1286,Woodford,NSW,Australia
1287,Woolgoolga,NSW,Australia
1288,Wooli (incl. Minnie Waters),NSW,Australia
1289,Woomera,SA,Australia
1290,Woy Woy,NSW,Australia
1291,Wudinna,SA,Australia
1292,Wyalkatchem,WA,Australia
1293,Wycheproof,VIC,Australia
1294,Wyndham,WA,Australia
1295,Wynyard,TAS,Australia
1296,Wyong,NSW,Australia
1297,Yackandandah,VIC,Australia
1298,Yalgoo,WA,Australia
1299,Yallingup,WA,Australia
1300,Yamba,NSW,Australia
1301,Yambuk,VIC,Australia
1302,Yanchep,WA,Australia
1303,Yandina,QLD,Australia
1304,Yankalilla,SA,Australia
1305,Yarra Glen,VIC,Australia
1306,Yarra Junction,VIC,Australia
1307,Yarram,VIC,Australia
1308,Yarrangobilly Caves,NSW,Australia
1309,Yarrawonga,VIC,Australia
1310,Yass,NSW,Australia
1311,Yea,VIC,Australia
1312,Yeoval,NSW,Australia
1313,Yeppoon,QLD,Australia
1314,Yerranderie,NSW,Australia
1315,York,WA,Australia
1316,Yorketown,SA,Australia
1317,Young,NSW,Australia
1318,Yungaburra,QLD,Australia
1319,Zeehan,TAS,Australia
